Country_Region,Province_State,Country_id,Country,Region_id,Region
 Azerbaijan, Azerbaijan,AZE,Azerbaijan,AZE,Azerbaijan
Afghanistan,Afghanistan,AFG,Afghanistan,AFG,Afghanistan
Albania,Albania,ALB,Albania,ALB,Albania
Algeria,Algeria,DZA,Algeria,DZA,Algeria
Andorra,Andorra,AND,Andorra,AND,Andorra
Angola,Angola,AGO,Angola,AGO,Angola
Antigua and Barbuda,Antigua and Barbuda,ACA,Antigua and Barbuda,ACA,Antigua and Barbuda
Argentina,Argentina,ARG,Argentina,ARG,Argentina
Argentina,Autonomous City of Buenos Aires,ARG,Argentina,ARG,Argentina
Argentina,Buenos Aires,ARG,Argentina,ARG,Argentina
Argentina,Catamarca,ARG,Argentina,ARG,Argentina
Argentina,Chaco,ARG,Argentina,ARG,Argentina
Argentina,Chubut,ARG,Argentina,ARG,Argentina
Argentina,Cordoba,ARG,Argentina,ARG,Argentina
Argentina,Corrientes,ARG,Argentina,ARG,Argentina
Argentina,Entre Rios,ARG,Argentina,ARG,Argentina
Argentina,Formosa,ARG,Argentina,ARG,Argentina
Argentina,Jujuy,ARG,Argentina,ARG,Argentina
Argentina,La Pampa,ARG,Argentina,ARG,Argentina
Argentina,La Rioja,ARG,Argentina,ARG,Argentina
Argentina,Mendoza,ARG,Argentina,ARG,Argentina
Argentina,Misiones,ARG,Argentina,ARG,Argentina
Argentina,Neuquen,ARG,Argentina,ARG,Argentina
Argentina,Rio Negro,ARG,Argentina,ARG,Argentina
Argentina,Salta,ARG,Argentina,ARG,Argentina
Argentina,San Juan,ARG,Argentina,ARG,Argentina
Argentina,San Luis,ARG,Argentina,ARG,Argentina
Argentina,Santa Cruz,ARG,Argentina,ARG,Argentina
Argentina,Santa Fe,ARG,Argentina,ARG,Argentina
Argentina,Santiago del Estero,ARG,Argentina,ARG,Argentina
Argentina,Tierra del Fuego,ARG,Argentina,ARG,Argentina
Argentina,Tucuman,ARG,Argentina,ARG,Argentina
Armenia,Armenia,ARM,Armenia,ARM,Armenia
Aruba,Aruba,ABW,Aruba,ABW,Aruba
Australia,Australia,AUS,Australia,AUS,Australia
Australia,Australian Capital Territory,AUS,Australia,AU-ACT,Australian Capital Territory
Australia,Jervis Bay Territory,AUS,Australia,AU-JBT,Jervis Bay Territory
Australia,New South Wales,AUS,Australia,AU-NSW,New South Wales
Australia,Northern Territory,AUS,Australia,AU-NT,Northern Territory
Australia,Queensland,AUS,Australia,AU-QLD,Queensland
Australia,South Australia,AUS,Australia,AU-SA,South Australia
Australia,Tasmania,AUS,Australia,AU-TAS,Tasmania
Australia,Victoria,AUS,Australia,AU-VIC,Victoria
Australia,Western Australia,AUS,Australia,AU-WA,Western Australia
Austria,Austria,AUT,Austria,AUT,Austria
Azerbaijan,Azerbaijan,AZE,Azerbaijan,AZE,Azerbaijan
Bahamas,Bahamas,BHS,Bahamas,BHS,Bahamas
"Bahamas, The","Bahamas, The",BHS,Bahamas,BHS,Bahamas
Bahrain,Bahrain,BHR,Bahrain,BHR,Bahrain
Bangladesh,Bangladesh,BGD,Bangladesh,BGD,Bangladesh
Bangladesh,Barisal,BGD,Bangladesh,BGD,Bangladesh
Bangladesh,Chittagong,BGD,Bangladesh,BGD,Bangladesh
Bangladesh,Dhaka,BGD,Bangladesh,BGD,Bangladesh
Bangladesh,Khulna,BGD,Bangladesh,BGD,Bangladesh
Bangladesh,Mymensingh,BGD,Bangladesh,BGD,Bangladesh
Bangladesh,Rajshahi,BGD,Bangladesh,BGD,Bangladesh
Bangladesh,Rangpur,BGD,Bangladesh,BGD,Bangladesh
Bangladesh,Sylhet,BGD,Bangladesh,BGD,Bangladesh
Bangladesh,Unassigned,BGD,Bangladesh,BGD,Bangladesh
Bangladesh,Unknown,BGD,Bangladesh,BGD,Bangladesh
Barbados,Barbados,BRB,Barbados,BRB,Barbados
Belarus,Belarus,BLR,Belarus,BLR,Belarus
Belgium,Antwerp,BEL,Belgium,BE-VAN,Antwerp
Belgium,Belgium,BEL,Belgium,BEL,Belgium
Belgium,Brussels,BEL,Belgium,BE-BRU,Brussels
Belgium,East Flanders,BEL,Belgium,BE-VOV,East Flanders
Belgium,Flemish Brabant,BEL,Belgium,BE-VBR,Flemish Brabant
Belgium,Hainaut,BEL,Belgium,BE-WHT,Hainaut
Belgium,Liege,BEL,Belgium,BE-WLG,Liege
Belgium,Limburg,BEL,Belgium,BE-VLI,"Limburg, BE"
Belgium,Luxembourg,BEL,Belgium,BE-WLX,"Luxembourg, BE"
Belgium,Namur,BEL,Belgium,BE-WNA,Namur
Belgium,Walloon Brabant,BEL,Belgium,BE-WBR,Walloon Brabant
Belgium,West Flanders,BEL,Belgium,BE-VWV,West Flanders
Belize,Belize,BLZ,Belize,BLZ,Belize
Benin,Benin,BEN,Benin,BEN,Benin
Bhutan,Bhutan,BTN,Bhutan,BTN,Bhutan
Bolivia,Bolivia,BOL,Bolivia,BOL,Bolivia
Bosnia and Herzegovina,Bosnia and Herzegovina,BIH,Bosnia and Herzegovina,BIH,Bosnia and Herzegovina
Botswana,Botswana,BWA,Botswana,BWA,Botswana
Brazil,Acre,BRA,Brazil,BR-AC,Acre
Brazil,Alagoas,BRA,Brazil,BR-AL,Alagoas
Brazil,Amapa,BRA,Brazil,BR-AP,Amapa
Brazil,Amazonas,BRA,Brazil,BR-AM,"Amazonas, BR"
Brazil,Bahia,BRA,Brazil,BR-BA,Bahia
Brazil,Brazil,BRA,Brazil,BRA,Brazil
Brazil,Ceara,BRA,Brazil,BR-CE,Ceara
Brazil,Distrito Federal,BRA,Brazil,BR-DF,"Distrito Federal, BR"
Brazil,Espirito Santo,BRA,Brazil,BR-ES,Espirito Santo
Brazil,Goias,BRA,Brazil,BR-GO,Goias
Brazil,Maranhao,BRA,Brazil,BR-MA,Maranhao
Brazil,Mato Grosso,BRA,Brazil,BR-MT,Mato Grosso
Brazil,Mato Grosso do Sul,BRA,Brazil,BR-MS,Mato Grosso do Sul
Brazil,Minas Gerais,BRA,Brazil,BR-MG,Minas Gerais
Brazil,Para,BRA,Brazil,BR-PA,Para
Brazil,Paraiba,BRA,Brazil,BR-PB,Paraiba
Brazil,Parana,BRA,Brazil,BR-PR,Parana
Brazil,Pernambuco,BRA,Brazil,BR-PE,Pernambuco
Brazil,Piaui,BRA,Brazil,BR-PI,Piaui
Brazil,Rio de Janeiro,BRA,Brazil,BR-RJ,Rio de Janeiro
Brazil,Rio Grande do Norte,BRA,Brazil,BR-RN,Rio Grande do Norte
Brazil,Rio Grande do Sul,BRA,Brazil,BR-RS,Rio Grande do Sul
Brazil,Rondonia,BRA,Brazil,BR-RO,Rondonia
Brazil,Roraima,BRA,Brazil,BR-RR,Roraima
Brazil,Santa Catarina,BRA,Brazil,BR-SC,Santa Catarina
Brazil,Sao Paulo,BRA,Brazil,BR-SP,Sao Paulo
Brazil,Sergipe,BRA,Brazil,BR-SE,Sergipe
Brazil,Tocantins,BRA,Brazil,BR-TO,Tocantins
Brazil,Unassigned,BRA,Brazil,BRA,Brazil
Brunei,Brunei,BRN,Brunei,BRN,Brunei
Bulgaria,Bulgaria,BGR,Bulgaria,BGR,Bulgaria
Burkina Faso,Burkina Faso,BFA,Burkina Faso,BFA,Burkina Faso
Burma,Burma,MMR,Myanmar,MMR,Myanmar
Burundi,Burundi,BDI,Burundi,BDI,Burundi
Cabo Verde,Cabo Verde,CPV,Cabo Verde,CPV,Cabo Verde
Cambodia,Cambodia,KHM,Cambodia,KHM,Cambodia
Cameroon,Cameroon,CMR,Cameroon,CMR,Cameroon
Canada," Montreal, QC",CAN,Canada,CA-QC,Quebec
Canada,Alberta,CAN,Canada,CA-AB,Alberta
Canada,British Columbia,CAN,Canada,CA-BC,British Columbia
Canada,"Calgary, Alberta",CAN,Canada,CA-AB,Alberta
Canada,Canada,CAN,Canada,CAN,Canada
Canada,"Edmonton, Alberta",CAN,Canada,CA-AB,Alberta
Canada,"London, ON",CAN,Canada,CA-ON,Ontario
Canada,Manitoba,CAN,Canada,CA-MB,Manitoba
Canada,New Brunswick,CAN,Canada,CA-NB,New Brunswick
Canada,Newfoundland and Labrador,CAN,Canada,CA-NL,Newfoundland and Labrador
Canada,Northwest Territories,CAN,Canada,CA-NT,Northwest Territories
Canada,Nova Scotia,CAN,Canada,CA-NS,Nova Scotia
Canada,Nunavut,CAN,Canada,CA-NU,Nunavut
Canada,Ontario,CAN,Canada,CA-ON,Ontario
Canada,Prince Edward Island,CAN,Canada,CA-PE,Prince Edward Island
Canada,Quebec,CAN,Canada,CA-QC,Quebec
Canada,Saskatchewan,CAN,Canada,CA-SK,Saskatchewan
Canada,"Toronto, ON",CAN,Canada,CA-ON,Ontario
Canada,Yukon,CAN,Canada,CA-YT,Yukon
Cape Verde,Cape Verde,CPV,Cape Verde,CPV,Cape Verde
Cayman Islands,Cayman Islands,CYM,Cayman Is.,CYM,Cayman Is.
Central African Republic,Central African Republic,CAF,Central African Rep.,CAF,Central African Rep.
Chad,Chad,TCD,Chad,TCD,Chad
Channel Islands,Channel Islands,JEY,Jersey,JEY,Jersey
Chile,Antofagasta,CHX,Chile,CL-AN,Antofagasta
Chile,Araucania,CHX,Chile,CL-AR,Araucania
Chile,Arica y Parinacota,CHX,Chile,CL-AP,Arica y Parinacota
Chile,Atacama,CHX,Chile,CL-AT,Atacama
Chile,Aysen,CHX,Chile,CL-AI,Aysen
Chile,Biobio,CHX,Chile,CL-BI,Biobio
Chile,Chile,CHX,Chile,CHX,Chile
Chile,Coquimbo,CHX,Chile,CL-CO,Coquimbo
Chile,Los Lagos,CHX,Chile,CL-LL,Los Lagos
Chile,Los Rios,CHX,Chile,CL-LR,Los Rios
Chile,Magallanes,CHX,Chile,CL-MA,Magallanes
Chile,Maule,CHX,Chile,CL-ML,Maule
Chile,Metropolitana,CHX,Chile,CL-RM,Metropolitana
Chile,Nuble,CHX,Chile,CL-BI,Biobio
Chile,OHiggins,CHX,Chile,CL-LI,OHiggins
Chile,Tarapaca,CHX,Chile,CL-TA,Tarapaca
Chile,Valparaiso,CHX,Chile,CL-VS,Valparaiso
China,Anhui,CHI,China,CN-34,Anhui
China,Beijing,CHI,China,CN-11,Beijing
China,China,CHI,China,CHI,China
China,Chongqing,CHI,China,CN-50,Chongqing
China,Fujian,CHI,China,CN-35,Fujian
China,Gansu,CHI,China,CN-62,Gansu
China,Guangdong,CHI,China,CN-44,Guangdong
China,Guangxi,CHI,China,CN-45,Guangxi
China,Guizhou,CHI,China,CN-52,Guizhou
China,Hainan,CHI,China,CN-46,Hainan
China,Hebei,CHI,China,CN-13,Hebei
China,Heilongjiang,CHI,China,CN-23,Heilongjiang
China,Henan,CHI,China,CN-41,Henan
China,Hong Kong,CHI,China,HKG,Hong Kong
China,Hubei,CHI,China,CN-42,Hubei
China,Hunan,CHI,China,CN-43,Hunan
China,Inner Mongolia,CHI,China,CN-15,Inner Mongolia
China,Jiangsu,CHI,China,CN-32,Jiangsu
China,Jiangxi,CHI,China,CN-36,Jiangxi
China,Jilin,CHI,China,CN-22,Jilin
China,Liaoning,CHI,China,CN-21,Liaoning
China,Macau,CHI,China,MAC,Macau
China,Ningxia,CHI,China,CN-64,Ningxia
China,Qinghai,CHI,China,CN-63,Qinghai
China,Shaanxi,CHI,China,CN-61,Shaanxi
China,Shandong,CHI,China,CN-37,Shandong
China,Shanghai,CHI,China,CN-31,Shanghai
China,Shanxi,CHI,China,CN-14,Shanxi
China,Sichuan,CHI,China,CN-51,Sichuan
China,Tianjin,CHI,China,CN-12,Tianjin
China,Tibet,CHI,China,CN-54,Tibet
China,Xinjiang,CHI,China,CN-65,Xinjiang
China,Yunnan,CHI,China,CN-53,Yunnan
China,Zhejiang,CHI,China,CN-33,Zhejiang
Colombia,Amazonas,COL,Colombia,CO-AMA,"Amazonas, CO"
Colombia,Antioquia,COL,Colombia,CO-ANT,Antioquia
Colombia,Arauca,COL,Colombia,CO-ARA,Arauca
Colombia,Atlantico,COL,Colombia,CO-ATL,Atlantico
Colombia,Bolivar,COL,Colombia,CO-BOL,Bolivar
Colombia,Boyaca,COL,Colombia,CO-BOY,Boyaca
Colombia,Caldas,COL,Colombia,CO-CAL,Caldas
Colombia,Capital District,COL,Colombia,CO-BOG,Bogota
Colombia,Caqueta,COL,Colombia,CO-CAQ,Caqueta
Colombia,Casanare,COL,Colombia,CO-CAS,Casanare
Colombia,Cauca,COL,Colombia,CO-CAU,Cauca
Colombia,Cesar,COL,Colombia,CO-CES,Cesar
Colombia,Choco,COL,Colombia,CO-CHO,Choco
Colombia,Colombia,COL,Colombia,COL,Colombia
Colombia,Cordoba,COL,Colombia,CO-COR,Cordoba
Colombia,Cundinamarca,COL,Colombia,CO-CUN,Cundinamarca
Colombia,Guainia,COL,Colombia,CO-GUA,Guainia
Colombia,Guaviare,COL,Colombia,CO-GUV,Guaviare
Colombia,Huila,COL,Colombia,CO-HUI,Huila
Colombia,La Guajira,COL,Colombia,CO-LAG,La Guajira
Colombia,Magdalena,COL,Colombia,CO-MAG,Magdalena
Colombia,Meta,COL,Colombia,CO-MET,Meta
Colombia,Narino,COL,Colombia,CO-NAR,Narino
Colombia,Norte de Santander,COL,Colombia,CO-NSA,Norte de Santander
Colombia,Putumayo,COL,Colombia,CO-PUT,Putumayo
Colombia,Quindio,COL,Colombia,CO-QUI,Quindio
Colombia,Risaralda,COL,Colombia,CO-RIS,Risaralda
Colombia,San Andres y Providencia,COL,Colombia,CO-SAP,San Andres y Providencia
Colombia,Santander,COL,Colombia,CO-SAN,Santander
Colombia,Sucre,COL,Colombia,CO-SUC,Sucre
Colombia,Tolima,COL,Colombia,CO-TOL,Tolima
Colombia,Unassigned,COL,Colombia,COL,Colombia
Colombia,Unknown,COL,Colombia,COL,Colombia
Colombia,Valle del Cauca,COL,Colombia,CO-VAC,Valle del Cauca
Colombia,Vaupes,COL,Colombia,CO-VAU,Vaupes
Colombia,Vichada,COL,Colombia,CO-VID,Vichada
Comoros,Comoros,COM,Comoros,COM,Comoros
Congo (Brazzaville),Congo (Brazzaville),COG,Congo (Brazzaville),COG,Congo (Brazzaville)
Congo (Kinshasa),Congo (Kinshasa),COD,Congo (Kinshasa),COD,Congo (Kinshasa)
Costa Rica,Costa Rica,CRI,Costa Rica,CRI,Costa Rica
Cote d'Ivoire,Cote d'Ivoire,CIV,Ivory Coast,CIV,Ivory Coast
Croatia,Croatia,HRV,Croatia,HRV,Croatia
Cuba,Cuba,CUB,Cuba,CUB,Cuba
Curacao,Curacao,CUW,Curacao,CUW,Curacao
Cyprus,Cyprus,CYP,Cyprus,CYP,Cyprus
Czech Republic,Czech Republic,CZE,Czechia,CZE,Czechia
Czechia,Czechia,CZE,Czechia,CZE,Czechia
Czechia,Jihocesky,CZE,Czechia,CZE,Czechia
Czechia,Jihomoravsky,CZE,Czechia,CZE,Czechia
Czechia,Karlovarsky,CZE,Czechia,CZE,Czechia
Czechia,Kralovehradecky,CZE,Czechia,CZE,Czechia
Czechia,Liberecky,CZE,Czechia,CZE,Czechia
Czechia,Moravskoslezsky,CZE,Czechia,CZE,Czechia
Czechia,Olomoucky,CZE,Czechia,CZE,Czechia
Czechia,Pardubicky,CZE,Czechia,CZE,Czechia
Czechia,Plzensky,CZE,Czechia,CZE,Czechia
Czechia,Prague,CZE,Czechia,CZE,Czechia
Czechia,Stredocesky,CZE,Czechia,CZE,Czechia
Czechia,Unassigned,CZE,Czechia,CZE,Czechia
Czechia,Unknown,CZE,Czechia,CZE,Czechia
Czechia,Ustecky,CZE,Czechia,CZE,Czechia
Czechia,Vysocina,CZE,Czechia,CZE,Czechia
Czechia,Zlinsky,CZE,Czechia,CZE,Czechia
Denmark,Denmark,DNK,Denmark,DNK,Denmark
Denmark,Faroe Islands,FRO,Faroe Islands,FRO,Faroe Islands
Denmark,Greenland,GRL,Greenland,GRL,Greenland
Djibouti,Djibouti,DJI,Djibouti,DJI,Djibouti
Dominica,Dominica,DMA,Dominica,DMA,Dominica
Dominican Republic,Dominican Republic,DOM,Dominican Republic,DOM,Dominican Republic
East Timor,East Timor,TLX,East Timor,TLX,East Timor
Ecuador,Ecuador,ECD,Ecuador,ECD,Ecuador
Egypt,Egypt,EGY,Egypt,EGY,Egypt
El Salvador,El Salvador,SLV,El Salvador,SLV,El Salvador
Equatorial Guinea,Equatorial Guinea,GNR,Equatorial Guinea,GNR,Equatorial Guinea
Eritrea,Eritrea,ERI,Eritrea,ERI,Eritrea
Estonia,Estonia,EST,Estonia,EST,Estonia
Eswatini,Eswatini,SWZ,eSwatini,SWZ,eSwatini
Ethiopia,Ethiopia,ETH,Ethiopia,ETH,Ethiopia
Faroe Islands,Faroe Islands,FRO,Faroe Islands,FRO,Faroe Islands
Fiji,Fiji,FJI,Fiji,FJI,Fiji
Finland,Finland,FIN,Finland,FIN,Finland
France,Fench Guiana,GUF,French Guiana,GUF,French Guiana
France,France,FXX,France,FXX,France
France,French Guiana,GUF,French Guiana,GUF,French Guiana
France,French Polynesia,PYF,French Polynesia,PYF,French Polynesia
France,Guadeloupe,GLP,Guadeloupe,GLP,Guadeloupe
France,Martinique,MTQ,Martinique,MTQ,Martinique
France,Mayotte,MYT,Mayotte,MYT,Mayotte
France,New Caledonia,NCL,New Caledonia,NCL,New Caledonia
France,Reunion,REU,Reunion,REU,Reunion
France,Saint Barthelemy,BLM,Saint Barthelemy,BLM,Saint Barthelemy
France,Saint Pierre and Miquelon,SPM,Saint Pierre and Miquelon,SPM,Saint Pierre and Miquelon
France,St Martin,MAF,St Martin,MAF,St Martin
France,Wallis and Futuna,WLF,Wallis and Futuna,WLF,Wallis and Futuna
French Guiana,French Guiana,GUF,French Guiana,GUF,French Guiana
Gabon,Gabon,GAB,Gabon,GAB,Gabon
Gambia,Gambia,GMB,Gambia,GMB,Gambia
"Gambia, The","Gambia, The",GMB,Gambia,GMB,Gambia
Georgia,Georgia,GEG,Georgia,GEG,Georgia
Germany,Baden-Wurttemberg,DEU,Germany,DE-BW,Baden-Wurttemberg
Germany,Bavaria,DEU,Germany,DE-BY,Bavaria
Germany,Bayern,DEU,Germany,DE-BY,Bavaria
Germany,Berlin,DEU,Germany,DE-BE,Berlin
Germany,Brandenburg,DEU,Germany,DE-BB,Brandenburg
Germany,Bremen,DEU,Germany,DE-HB,Bremen
Germany,Germany,DEU,Germany,DEU,Germany
Germany,Hamburg,DEU,Germany,DE-HH,Hamburg
Germany,Hessen,DEU,Germany,DE-HE,Hessen
Germany,Mecklenburg-Vorpommern,DEU,Germany,DE-MV,Mecklenburg-Vorpommern
Germany,Niedersachsen,DEU,Germany,DE-NI,Niedersachsen
Germany,Nordrhein-Westfalen,DEU,Germany,DE-NW,Nordrhein-Westfalen
Germany,Rheinland-Pfalz,DEU,Germany,DE-RP,Rheinland-Pfalz
Germany,Saarland,DEU,Germany,DE-SL,Saarland
Germany,Sachsen,DEU,Germany,DE-SN,Sachsen
Germany,Sachsen-Anhalt,DEU,Germany,DE-ST,Sachsen-Anhalt
Germany,Schleswig-Holstein,DEU,Germany,DE-SH,Schleswig-Holstein
Germany,Thuringen,DEU,Germany,DE-TH,Thuringen
Ghana,Ghana,GHA,Ghana,GHA,Ghana
Gibraltar,Gibraltar,GIB,Gibraltar,GIB,Gibraltar
Greece,Greece,GRC,Greece,GRC,Greece
Greenland,Greenland,GRL,Greenland,GRL,Greenland
Grenada,Grenada,GRD,Grenada,GRD,Grenada
Guadeloupe,Guadeloupe,GLP,Guadeloupe,GLP,Guadeloupe
Guam,Guam,GUM,Guam,GUM,Guam
Guatemala,Guatemala,GTM,Guatemala,GTM,Guatemala
Guernsey,Guernsey,GGG,Guernsey,GGG,Guernsey
Guinea,Guinea,GIN,Guinea,GIN,Guinea
Guinea-Bissau,Guinea-Bissau,GNB,Guinea-Bissau,GNB,Guinea-Bissau
Guyana,Guyana,GUY,Guyana,GUY,Guyana
Haiti,Haiti,HTI,Haiti,HTI,Haiti
Holy See,Holy See,VAT,Vatican,VAT,Vatican
Honduras,Honduras,HND,Honduras,HND,Honduras
Hong Kong,Hong Kong,HKG,Hong Kong,HKG,Hong Kong
Hong Kong SAR,Hong Kong,HKG,Hong Kong,HKG,Hong Kong
Hungary,Hungary,HUN,Hungary,HUN,Hungary
Iceland,Iceland,ISL,Iceland,ISL,Iceland
India,Andaman and Nicobar Islands,INX,India,IN-AN,Andaman and Nicobar Islands
India,Andhra Pradesh,INX,India,IN-AP,Andhra Pradesh
India,Arunachal Pradesh,INX,India,IN-AR,Arunachal Pradesh
India,Assam,INX,India,IN-AS,Assam
India,Bihar,INX,India,IN-BR,Bihar
India,Chandigarh,INX,India,IN-CH,Chandigarh
India,Chhattisgarh,INX,India,IN-CT,Chhattisgarh
India,Dadar Nagar Haveli,INX,India,IN-DD,Dadra and Nagar Haveli and Daman and Diu
India,Dadra and Nagar Haveli and Daman and Diu,INX,India,IN-DD,Dadra and Nagar Haveli and Daman and Diu
India,Delhi,INX,India,IN-DL,Delhi
India,Goa,INX,India,IN-GA,Goa
India,Gujarat,INX,India,IN-GJ,Gujarat
India,Haryana,INX,India,IN-HR,Haryana
India,Himachal Pradesh,INX,India,IN-HP,Himachal Pradesh
India,India,INX,India,INX,India
India,Jammu and Kashmir,INX,India,IN-JK,Jammu and Kashmir
India,Jharkhand,INX,India,IN-JH,Jharkhand
India,Karnataka,INX,India,IN-KA,Karnataka
India,Kerala,INX,India,IN-KL,Kerala
India,Ladakh,INX,India,IN-JK,Jammu and Kashmir
India,Lakshadweep,INX,India,IN-LD,Lakshadweep
India,Madhya Pradesh,INX,India,IN-MP,Madhya Pradesh
India,Maharashtra,INX,India,IN-MH,Maharashtra
India,Manipur,INX,India,IN-MN,Manipur
India,Meghalaya,INX,India,IN-ML,Meghalaya
India,Mizoram,INX,India,IN-MZ,Mizoram
India,Nagaland,INX,India,IN-NL,Nagaland
India,Odisha,INX,India,IN-OR,Odisha
India,Puducherry,INX,India,IN-PY,Puducherry
India,Punjab,INX,India,IN-PB,Punjab
India,Rajasthan,INX,India,IN-RJ,Rajasthan
India,Sikkim,INX,India,IN-SK,Sikkim
India,Tamil Nadu,INX,India,IN-TN,Tamil Nadu
India,Telangana,INX,India,IN-AP,Andhra Pradesh
India,Tripura,INX,India,IN-TR,Tripura
India,Unknown,INX,India,INX,India
India,Uttar Pradesh,INX,India,IN-UP,Uttar Pradesh
India,Uttarakhand,INX,India,IN-UT,Uttarakhand
India,West Bengal,INX,India,IN-WB,West Bengal
Indonesia,Indonesia,IDN,Indonesia,IDN,Indonesia
Iran,Iran,IRN,Iran,IRN,Iran
Iran (Islamic Republic of),Iran (Islamic Republic of),IRN,Iran,IRN,Iran
Iraq,Iraq,IRR,Iraq,IRR,Iraq
Ireland,Ireland,IRL,Ireland,IRL,Ireland
Israel,Israel,ISR,Israel,ISR,Israel
Italy,Abruzzo,ITA,Italy,IT-AB,Abruzzo
Italy,Basilicata,ITA,Italy,IT-BA,Basilicata
Italy,Calabria,ITA,Italy,IT-CL,Calabria
Italy,Campania,ITA,Italy,IT-CA,Campania
Italy,Emilia-Romagna,ITA,Italy,IT-RN,Emilia-Romagna
Italy,Friuli Venezia Giulia,ITA,Italy,IT-FR,Friuli Venezia Giulia
Italy,Italy,ITA,Italy,ITA,Italy
Italy,Lazio,ITA,Italy,IT-LA,Lazio
Italy,Liguria,ITA,Italy,IT-LI,Liguria
Italy,Lombardia,ITA,Italy,IT-LO,Lombardia
Italy,Marche,ITA,Italy,IT-MA,Marche
Italy,Molise,ITA,Italy,IT-MO,Molise
Italy,P.A. Bolzano,ITA,Italy,IT-BZ,PA Bolzano
Italy,P.A. Trento,ITA,Italy,IT-TN,PA Trento
Italy,Piemonte,ITA,Italy,IT-PI,Piemonte
Italy,Puglia,ITA,Italy,IT-AP,Puglia
Italy,Sardegna,ITA,Italy,IT-SA,Sardinia
Italy,Sicilia,ITA,Italy,IT-SI,Sicily
Italy,Toscana,ITA,Italy,IT-TO,Toscana
Italy,Umbria,ITA,Italy,IT-UM,Umbria
Italy,Valle d'Aosta,ITA,Italy,IT-AO,Valle d'Aosta
Italy,Veneto,ITA,Italy,IT-VE,Veneto
Ivory Coast,Ivory Coast,CIV,Ivory Coast,CIV,Ivory Coast
Jamaica,Jamaica,JAM,Jamaica,JAM,Jamaica
Japan,Aichi,JPN,Japan,JP-23,Aichi
Japan,Akita,JPN,Japan,JP-05,Akita
Japan,Aomori,JPN,Japan,JP-02,Aomori
Japan,Chiba,JPN,Japan,JP-12,Chiba
Japan,Ehime,JPN,Japan,JP-38,Ehime
Japan,Fukui,JPN,Japan,JP-18,Fukui
Japan,Fukuoka,JPN,Japan,JP-40,Fukuoka
Japan,Fukushima,JPN,Japan,JP-07,Fukushima
Japan,Gifu,JPN,Japan,JP-21,Gifu
Japan,Gunma,JPN,Japan,JP-10,Gunma
Japan,Hiroshima,JPN,Japan,JP-34,Hiroshima
Japan,Hokkaido,JPN,Japan,JP-01,Hokkaido
Japan,Hyogo,JPN,Japan,JP-28,Hyogo
Japan,Ibaraki,JPN,Japan,JP-08,Ibaraki
Japan,Ishikawa,JPN,Japan,JP-17,Ishikawa
Japan,Iwate,JPN,Japan,JP-03,Iwate
Japan,Japan,JPN,Japan,JPN,Japan
Japan,Kagawa,JPN,Japan,JP-37,Kagawa
Japan,Kagoshima,JPN,Japan,JP-46,Kagoshima
Japan,Kanagawa,JPN,Japan,JP-14,Kanagawa
Japan,Kochi,JPN,Japan,JP-39,Kochi
Japan,Kumamoto,JPN,Japan,JP-43,Kumamoto
Japan,Kyoto,JPN,Japan,JP-26,Kyoto
Japan,Mie,JPN,Japan,JP-24,Mie
Japan,Miyagi,JPN,Japan,JP-04,Miyagi
Japan,Miyazaki,JPN,Japan,JP-45,Miyazaki
Japan,Nagano,JPN,Japan,JP-20,Nagano
Japan,Nagasaki,JPN,Japan,JP-42,Nagasaki
Japan,Nara,JPN,Japan,JP-29,Nara
Japan,Niigata,JPN,Japan,JP-15,Niigata
Japan,Oita,JPN,Japan,JP-44,Oita
Japan,Okayama,JPN,Japan,JP-33,Okayama
Japan,Okinawa,JPN,Japan,JP-47,Okinawa
Japan,Osaka,JPN,Japan,JP-27,Osaka
Japan,Saga,JPN,Japan,JP-41,Saga
Japan,Saitama,JPN,Japan,JP-11,Saitama
Japan,Shiga,JPN,Japan,JP-25,Shiga
Japan,Shimane,JPN,Japan,JP-32,Shimane
Japan,Shizuoka,JPN,Japan,JP-22,Shizuoka
Japan,Tochigi,JPN,Japan,JP-09,Tochigi
Japan,Tokushima,JPN,Japan,JP-36,Tokushima
Japan,Tokyo,JPN,Japan,JP-13,Tokyo
Japan,Tottori,JPN,Japan,JP-31,Tottori
Japan,Toyama,JPN,Japan,JP-16,Toyama
Japan,Wakayama,JPN,Japan,JP-30,Wakayama
Japan,Yamagata,JPN,Japan,JP-06,Yamagata
Japan,Yamaguchi,JPN,Japan,JP-35,Yamaguchi
Japan,Yamanashi,JPN,Japan,JP-19,Yamanashi
Jersey,Jersey,JEY,Jersey,JEY,Jersey
Jordan,Jordan,JOR,Jordan,JOR,Jordan
Kazakhstan,Kazakhstan,KAZ,Kazakhstan,KAZ,Kazakhstan
Kenya,Baringo,KEN,Kenya,KEN,Kenya
Kenya,Bomet,KEN,Kenya,KEN,Kenya
Kenya,Bungoma,KEN,Kenya,KEN,Kenya
Kenya,Busia,KEN,Kenya,KEN,Kenya
Kenya,Elgeyo-Marakwet,KEN,Kenya,KEN,Kenya
Kenya,Embu,KEN,Kenya,KEN,Kenya
Kenya,Garissa,KEN,Kenya,KEN,Kenya
Kenya,Homa Bay,KEN,Kenya,KEN,Kenya
Kenya,Isiolo,KEN,Kenya,KEN,Kenya
Kenya,Kajiado,KEN,Kenya,KEN,Kenya
Kenya,Kakamega,KEN,Kenya,KEN,Kenya
Kenya,Kenya,KEN,Kenya,KEN,Kenya
Kenya,Kericho,KEN,Kenya,KEN,Kenya
Kenya,Kiambu,KEN,Kenya,KEN,Kenya
Kenya,Kilifi,KEN,Kenya,KEN,Kenya
Kenya,Kirinyaga,KEN,Kenya,KEN,Kenya
Kenya,Kisii,KEN,Kenya,KEN,Kenya
Kenya,Kisumu,KEN,Kenya,KEN,Kenya
Kenya,Kitui,KEN,Kenya,KEN,Kenya
Kenya,Kwale,KEN,Kenya,KEN,Kenya
Kenya,Laikipia,KEN,Kenya,KEN,Kenya
Kenya,Lamu,KEN,Kenya,KEN,Kenya
Kenya,Machakos,KEN,Kenya,KEN,Kenya
Kenya,Makueni,KEN,Kenya,KEN,Kenya
Kenya,Mandera,KEN,Kenya,KEN,Kenya
Kenya,Marsabit,KEN,Kenya,KEN,Kenya
Kenya,Meru,KEN,Kenya,KEN,Kenya
Kenya,Migori,KEN,Kenya,KEN,Kenya
Kenya,Mombasa,KEN,Kenya,KEN,Kenya
Kenya,Murang'a,KEN,Kenya,KEN,Kenya
Kenya,Nairobi,KEN,Kenya,KEN,Kenya
Kenya,Nakuru,KEN,Kenya,KEN,Kenya
Kenya,Nandi,KEN,Kenya,KEN,Kenya
Kenya,Narok,KEN,Kenya,KEN,Kenya
Kenya,Nyamira,KEN,Kenya,KEN,Kenya
Kenya,Nyandarua,KEN,Kenya,KEN,Kenya
Kenya,Nyeri,KEN,Kenya,KEN,Kenya
Kenya,Samburu,KEN,Kenya,KEN,Kenya
Kenya,Siaya,KEN,Kenya,KEN,Kenya
Kenya,Taita–Taveta,KEN,Kenya,KEN,Kenya
Kenya,Tana River,KEN,Kenya,KEN,Kenya
Kenya,Tharaka-Nithi,KEN,Kenya,KEN,Kenya
Kenya,Trans-Nzoia,KEN,Kenya,KEN,Kenya
Kenya,Turkana,KEN,Kenya,KEN,Kenya
Kenya,Uasin Gishu,KEN,Kenya,KEN,Kenya
Kenya,Vihiga,KEN,Kenya,KEN,Kenya
Kenya,Wajir,KEN,Kenya,KEN,Kenya
Kenya,West Pokot,KEN,Kenya,KEN,Kenya
Kiribati,Kiribati,KIR,Kiribati,KIR,Kiribati
"Korea, South","Korea, South",KOR,South Korea,KOR,South Korea
Kosovo,Kosovo,KOS,Kosovo,KOS,Kosovo
Kuwait,Kuwait,KWT,Kuwait,KWT,Kuwait
Kyrgyzstan,Kyrgyzstan,KGZ,Kyrgyzstan,KGZ,Kyrgyzstan
Laos,Laos,LAO,Laos,LAO,Laos
Latvia,Latvia,LVA,Latvia,LVA,Latvia
Lebanon,Lebanon,LBN,Lebanon,LBN,Lebanon
Lesotho,Lesotho,LSO,Lesotho,LSO,Lesotho
Liberia,Liberia,LBR,Liberia,LBR,Liberia
Libya,Libya,LBY,Libya,LBY,Libya
Liechtenstein,Liechtenstein,LIE,Liechtenstein,LIE,Liechtenstein
Lithuania,Alytus,LTU,Lithuania,LTU,Lithuania
Lithuania,Kaunas,LTU,Lithuania,LTU,Lithuania
Lithuania,Klaipeda,LTU,Lithuania,LTU,Lithuania
Lithuania,Lithuania,LTU,Lithuania,LTU,Lithuania
Lithuania,Marijampole,LTU,Lithuania,LTU,Lithuania
Lithuania,Panevezys,LTU,Lithuania,LTU,Lithuania
Lithuania,Siauliai,LTU,Lithuania,LTU,Lithuania
Lithuania,Taurage,LTU,Lithuania,LTU,Lithuania
Lithuania,Telsiai,LTU,Lithuania,LTU,Lithuania
Lithuania,Unassigned,LTU,Lithuania,LTU,Lithuania
Lithuania,Unknown,LTU,Lithuania,LTU,Lithuania
Lithuania,Utena,LTU,Lithuania,LTU,Lithuania
Lithuania,Vilnius,LTU,Lithuania,LTU,Lithuania
Luxembourg,Luxembourg,LUX,Luxembourg,LUX,Luxembourg
Macao SAR,Macau,MAC,Macau,MAC,Macau
Macau,Macau,MAC,Macau,MAC,Macau
Madagascar,Madagascar,MDG,Madagascar,MDG,Madagascar
Mainland China,Anhui,CHI,China,CN-34,Anhui
Mainland China,Beijing,CHI,China,CN-11,Beijing
Mainland China,Chongqing,CHI,China,CN-50,Chongqing
Mainland China,Fujian,CHI,China,CN-35,Fujian
Mainland China,Gansu,CHI,China,CN-62,Gansu
Mainland China,Guangdong,CHI,China,CN-44,Guangdong
Mainland China,Guangxi,CHI,China,CN-45,Guangxi
Mainland China,Guizhou,CHI,China,CN-52,Guizhou
Mainland China,Hainan,CHI,China,CN-46,Hainan
Mainland China,Hebei,CHI,China,CN-13,Hebei
Mainland China,Heilongjiang,CHI,China,CN-23,Heilongjiang
Mainland China,Henan,CHI,China,CN-41,Henan
Mainland China,Hubei,CHI,China,CN-42,Hubei
Mainland China,Hunan,CHI,China,CN-43,Hunan
Mainland China,Inner Mongolia,CHI,China,CN-15,Inner Mongolia
Mainland China,Jiangsu,CHI,China,CN-32,Jiangsu
Mainland China,Jiangxi,CHI,China,CN-36,Jiangxi
Mainland China,Jilin,CHI,China,CN-22,Jilin
Mainland China,Liaoning,CHI,China,CN-21,Liaoning
Mainland China,Ningxia,CHI,China,CN-64,Ningxia
Mainland China,Qinghai,CHI,China,CN-63,Qinghai
Mainland China,Shaanxi,CHI,China,CN-61,Shaanxi
Mainland China,Shandong,CHI,China,CN-37,Shandong
Mainland China,Shanghai,CHI,China,CN-31,Shanghai
Mainland China,Shanxi,CHI,China,CN-14,Shanxi
Mainland China,Sichuan,CHI,China,CN-51,Sichuan
Mainland China,Tianjin,CHI,China,CN-12,Tianjin
Mainland China,Tibet,CHI,China,CN-54,Tibet
Mainland China,Xinjiang,CHI,China,CN-65,Xinjiang
Mainland China,Yunnan,CHI,China,CN-53,Yunnan
Mainland China,Zhejiang,CHI,China,CN-33,Zhejiang
Malawi,Malawi,MWI,Malawi,MWI,Malawi
Malaysia,Johor,MYS,Malaysia,MYS,Malaysia
Malaysia,Kedah,MYS,Malaysia,MYS,Malaysia
Malaysia,Kelantan,MYS,Malaysia,MYS,Malaysia
Malaysia,Kuala Lumpur,MYS,Malaysia,MYS,Malaysia
Malaysia,Labuan,MYS,Malaysia,MYS,Malaysia
Malaysia,Malacca,MYS,Malaysia,MYS,Malaysia
Malaysia,Malaysia,MYS,Malaysia,MYS,Malaysia
Malaysia,Negeri Sembilan,MYS,Malaysia,MYS,Malaysia
Malaysia,Pahang,MYS,Malaysia,MYS,Malaysia
Malaysia,Penang,MYS,Malaysia,MYS,Malaysia
Malaysia,Perak,MYS,Malaysia,MYS,Malaysia
Malaysia,Perlis,MYS,Malaysia,MYS,Malaysia
Malaysia,Putrajaya,MYS,Malaysia,MYS,Malaysia
Malaysia,Sabah,MYS,Malaysia,MYS,Malaysia
Malaysia,Sarawak,MYS,Malaysia,MYS,Malaysia
Malaysia,Selangor,MYS,Malaysia,MYS,Malaysia
Malaysia,Terengganu,MYS,Malaysia,MYS,Malaysia
Malaysia,Unknown,MYS,Malaysia,MYS,Malaysia
Maldives,Maldives,MDV,Maldives,MDV,Maldives
Mali,Mali,MLI,Mali,MLI,Mali
Malta,Malta,MLT,Malta,MLT,Malta
Marshall Islands,Marshall Islands,MHL,Marshall Islands,MHL,Marshall Islands
Martinique,Martinique,MTQ,Martinique,MTQ,Martinique
Mauritania,Mauritania,MRT,Mauritania,MRT,Mauritania
Mauritius,Mauritius,MUS,Mauritius,MUS,Mauritius
Mayotte,Mayotte,MYT,Mayotte,MYT,Mayotte
Mexico,Aguascalientes,MEX,Mexico,MX-AGU,Aguascalientes
Mexico,Baja California,MEX,Mexico,MX-BCN,Baja California
Mexico,Baja California Sur,MEX,Mexico,MX-BCS,Baja California Sur
Mexico,Campeche,MEX,Mexico,MX-CAM,Campeche
Mexico,Chiapas,MEX,Mexico,MX-CHP,Chiapas
Mexico,Chihuahua,MEX,Mexico,MX-CHH,Chihuahua
Mexico,Ciudad de Mexico,MEX,Mexico,MX-DIF,"Distrito Federal, MX"
Mexico,Coahuila,MEX,Mexico,MX-COA,Coahuila
Mexico,Colima,MEX,Mexico,MX-COL,Colima
Mexico,Durango,MEX,Mexico,MX-DUR,Durango
Mexico,Guanajuato,MEX,Mexico,MX-GUA,Guanajuato
Mexico,Guerrero,MEX,Mexico,MX-GRO,Guerrero
Mexico,Hidalgo,MEX,Mexico,MX-HID,Hidalgo
Mexico,Jalisco,MEX,Mexico,MX-JAL,Jalisco
Mexico,Mexico,MEX,Mexico,MX-MEX,Mexico State
Mexico,Michoacan,MEX,Mexico,MX-MIC,Michoacan
Mexico,Morelos,MEX,Mexico,MX-MOR,Morelos
Mexico,Nayarit,MEX,Mexico,MX-NAY,Nayarit
Mexico,Nuevo Leon,MEX,Mexico,MX-NLE,Nuevo Leon
Mexico,Oaxaca,MEX,Mexico,MX-OAX,Oaxaca
Mexico,Puebla,MEX,Mexico,MX-PUE,Puebla
Mexico,Queretaro,MEX,Mexico,MX-QUE,Queretaro
Mexico,Quintana Roo,MEX,Mexico,MX-ROO,Quintana Roo
Mexico,San Luis Potosi,MEX,Mexico,MX-SLP,San Luis Potosi
Mexico,Sinaloa,MEX,Mexico,MX-SIN,Sinaloa
Mexico,Sonora,MEX,Mexico,MX-SON,Sonora
Mexico,Tabasco,MEX,Mexico,MX-TAB,Tabasco
Mexico,Tamaulipas,MEX,Mexico,MX-TAM,Tamaulipas
Mexico,Tlaxcala,MEX,Mexico,MX-TLA,Tlaxcala
Mexico,Veracruz,MEX,Mexico,MX-VER,Veracruz
Mexico,Yucatan,MEX,Mexico,MX-YUC,Yucatan
Mexico,Zacatecas,MEX,Mexico,MX-ZAC,Zacatecas
Micronesia,Micronesia,FSM,Micronesia,FSM,Micronesia
Moldova,Moldova,MDA,Moldova,MDA,Moldova
Monaco,Monaco,MCO,Monaco,MCO,Monaco
Mongolia,Mongolia,MNG,Mongolia,MNG,Mongolia
Montenegro,Montenegro,MNE,Montenegro,MNE,Montenegro
Morocco,Morocco,MAR,Morocco,MAR,Morocco
Mozambique,Mozambique,MOZ,Mozambique,MOZ,Mozambique
Namibia,Namibia,NAM,Namibia,NAM,Namibia
Nepal,Bagmati,NPL,Nepal,NPL,Nepal
Nepal,Gandaki,NPL,Nepal,NPL,Nepal
Nepal,Karnali,NPL,Nepal,NPL,Nepal
Nepal,Nepal,NPL,Nepal,NPL,Nepal
Nepal,Province 1,NPL,Nepal,NPL,Nepal
Nepal,Province 2,NPL,Nepal,NPL,Nepal
Nepal,Province 5,NPL,Nepal,NPL,Nepal
Nepal,Sudurpashchim,NPL,Nepal,NPL,Nepal
Netherlands,Aruba,ABW,Aruba,ABW,Aruba
Netherlands,"Bonaire, Sint Eustatius and Saba",NL-BQ3,"Bonaire, Sint Eustatius and Saba",NL-BQ3,"Bonaire, Sint Eustatius and Saba"
Netherlands,Curacao,CUW,Curacao,CUW,Curacao
Netherlands,Drenthe,NLX,Netherlands,NL-DR,Drenthe
Netherlands,Flevoland,NLX,Netherlands,NL-FL,Flevoland
Netherlands,Friesland,NLX,Netherlands,NL-FR,Friesland
Netherlands,Gelderland,NLX,Netherlands,NL-GE,Gelderland
Netherlands,Groningen,NLX,Netherlands,NL-GR,Groningen
Netherlands,Limburg,NLX,Netherlands,NL-LI,"Limburg, NL"
Netherlands,Netherlands,NLX,Netherlands,NLX,Netherlands
Netherlands,Noord-Brabant,NLX,Netherlands,NL-NB,Noord-Brabant
Netherlands,Noord-Holland,NLX,Netherlands,NL-NH,Noord-Holland
Netherlands,Overijssel,NLX,Netherlands,NL-OV,Overijssel
Netherlands,Sint Maarten,SXM,Sint Maarten,SXM,Sint Maarten
Netherlands,Utrecht,NLX,Netherlands,NL-UT,Utrecht
Netherlands,Zeeland,NLX,Netherlands,NL-ZE,Zeeland
Netherlands,Zuid-Holland,NLX,Netherlands,NL-ZH,Zuid-Holland
New Zealand,Cook Islands,COK,Cook Islands,COK,Cook Islands
New Zealand,New Zealand,NZL,New Zealand,NZL,New Zealand
Nicaragua,Nicaragua,NIC,Nicaragua,NIC,Nicaragua
Niger,Niger,NER,Niger,NER,Niger
Nigeria,Nigeria,NGA,Nigeria,NGA,Nigeria
North Ireland,North Ireland,NIR,Northern Ireland,NIR,Northern Ireland
North Macedonia,North Macedonia,MKD,North Macedonia,MKD,North Macedonia
Norway,Norway,NOW,Norway,NOW,Norway
occupied Palestinian territory,occupied Palestinian territory,ISR,Israel,ISR,Israel
Oman,Oman,OMN,Oman,OMN,Oman
Pakistan,Azad Jammu and Kashmir,PAK,Pakistan,PK-JK,Azad Jammu and Kashmir
Pakistan,Balochistan,PAK,Pakistan,PK-BA,Balochistan
Pakistan,Gilgit-Baltistan,PAK,Pakistan,PK-GB,Gilgit-Baltistan
Pakistan,Islamabad,PAK,Pakistan,PK-IS,Islamabad
Pakistan,Khyber Pakhtunkhwa,PAK,Pakistan,PK-KP,Khyber Pakhtunkhwa
Pakistan,Pakistan,PAK,Pakistan,PAK,Pakistan
Pakistan,Punjab,PAK,Pakistan,PK-PB,Punjab
Pakistan,Sindh,PAK,Pakistan,PK-SD,Sindh
Palau,Palau,PLW,Palau,PLW,Palau
Palestine,Palestine,PSX,Palestine,PSX,Palestine
Panama,Panama,PAN,Panama,PAN,Panama
Papua New Guinea,Papua New Guinea,PNX,Papua New Guinea,PNX,Papua New Guinea
Paraguay,Paraguay,PRY,Paraguay,PRY,Paraguay
Peru,Amazonas,PER,Peru,PE-AMA,"Amazonas, PE"
Peru,Ancash,PER,Peru,PE-ANC,Ancash
Peru,Apurimac,PER,Peru,PE-APU,Apurimac
Peru,Arequipa,PER,Peru,PE-ARE,Arequipa
Peru,Ayacucho,PER,Peru,PE-AYA,Ayacucho
Peru,Cajamarca,PER,Peru,PE-CAJ,Cajamarca
Peru,Callao,PER,Peru,PE-CAL,Callao
Peru,Cusco,PER,Peru,PE-CUS,Cusco
Peru,Huancavelica,PER,Peru,PE-HUV,Huancavelica
Peru,Huanuco,PER,Peru,PE-HUC,Huanuco
Peru,Ica,PER,Peru,PE-ICA,Ica
Peru,Junin,PER,Peru,PE-JUN,Junin
Peru,La Libertad,PER,Peru,PE-LAL,La Libertad
Peru,Lambayeque,PER,Peru,PE-LAM,Lambayeque
Peru,Lima,PER,Peru,PE-LIM,Lima
Peru,Loreto,PER,Peru,PE-LOR,Loreto
Peru,Madre de Dios,PER,Peru,PE-MDD,Madre de Dios
Peru,Moquegua,PER,Peru,PE-MOQ,Moquegua
Peru,Pasco,PER,Peru,PE-PAS,Pasco
Peru,Peru,PER,Peru,PER,Peru
Peru,Piura,PER,Peru,PE-PIU,Piura
Peru,Puno,PER,Peru,PE-PUN,Puno
Peru,San Martin,PER,Peru,PE-SAM,San Martin
Peru,Tacna,PER,Peru,PE-TAC,Tacna
Peru,Tumbes,PER,Peru,PE-TUM,Tumbes
Peru,Ucayali,PER,Peru,PE-UCA,Ucayali
Philippines,Philippines,PHL,Philippines,PHL,Philippines
Poland,Dolnoslaskie,POL,Poland,POL,Poland
Poland,Kujawsko-pomorskie,POL,Poland,POL,Poland
Poland,Lodzkie,POL,Poland,POL,Poland
Poland,Lubelskie,POL,Poland,POL,Poland
Poland,Lubuskie,POL,Poland,POL,Poland
Poland,Malopolskie,POL,Poland,POL,Poland
Poland,Mazowieckie,POL,Poland,POL,Poland
Poland,Opolskie,POL,Poland,POL,Poland
Poland,Podkarpackie,POL,Poland,POL,Poland
Poland,Podlaskie,POL,Poland,POL,Poland
Poland,Poland,POL,Poland,POL,Poland
Poland,Pomorskie,POL,Poland,POL,Poland
Poland,Slaskie,POL,Poland,POL,Poland
Poland,Swietokrzyskie,POL,Poland,POL,Poland
Poland,Unknown,POL,Poland,POL,Poland
Poland,Warminsko-mazurskie,POL,Poland,POL,Poland
Poland,Wielkopolskie,POL,Poland,POL,Poland
Poland,Zachodniopomorskie,POL,Poland,POL,Poland
Portugal,Portugal,PRX,Portugal,PRX,Portugal
Puerto Rico,Puerto Rico,PRI,Puerto Rico,PRI,Puerto Rico
Qatar,Qatar,QAT,Qatar,QAT,Qatar
Republic of Ireland,Republic of Ireland,IRL,Ireland,IRL,Ireland
Republic of Korea,Republic of Korea,PRK,North Korea,PRK,North Korea
Republic of Moldova,Republic of Moldova,MDA,Moldova,MDA,Moldova
Republic of the Congo,Republic of the Congo,COD,Congo (Kinshasa),COD,Congo (Kinshasa)
Reunion,Reunion,REU,Reunion,REU,Reunion
Romania,Romania,ROU,Romania,ROU,Romania
Russia,Adygea Republic,RUS,Russia,RU-AD,Adygea Republic
Russia,Altai Krai,RUS,Russia,RU-ALT,Altai Krai
Russia,Altai Republic,RUS,Russia,RU-AL,Altai Republic
Russia,Amur Oblast,RUS,Russia,RU-AMU,Amur Oblast
Russia,Arkhangelsk Oblast,RUS,Russia,RU-ARK,Arkhangelsk Oblast
Russia,Astrakhan Oblast,RUS,Russia,RU-AST,Astrakhan Oblast
Russia,Bashkortostan Republic,RUS,Russia,RU-BA,Bashkortostan Republic
Russia,Belgorod Oblast,RUS,Russia,RU-BEL,Belgorod Oblast
Russia,Bryansk Oblast,RUS,Russia,RU-BRY,Bryansk Oblast
Russia,Buryatia Republic,RUS,Russia,RU-BU,Buryatia Republic
Russia,Chechen Republic,RUS,Russia,RU-CE,Chechen Republic
Russia,Chelyabinsk Oblast,RUS,Russia,RU-CHE,Chelyabinsk Oblast
Russia,Chukotka Autonomous Okrug,RUS,Russia,RU-CHU,Chukotka Autonomous Okrug
Russia,Chuvashia Republic,RUS,Russia,RU-CU,Chuvashia Republic
Russia,Dagestan Republic,RUS,Russia,RU-DA,Dagestan Republic
Russia,Ingushetia Republic,RUS,Russia,RU-IN,Ingushetia Republic
Russia,Irkutsk Oblast,RUS,Russia,RU-IRK,Irkutsk Oblast
Russia,Ivanovo Oblast,RUS,Russia,RU-IVA,Ivanovo Oblast
Russia,Jewish Autonomous Okrug,RUS,Russia,RU-YEV,Jewish Autonomous Okrug
Russia,Kabardino-Balkarian Republic,RUS,Russia,RU-KB,Kabardino-Balkarian Republic
Russia,Kaliningrad Oblast,RUS,Russia,RU-KGD,Kaliningrad Oblast
Russia,Kalmykia Republic,RUS,Russia,RU-KL,Kalmykia Republic
Russia,Kaluga Oblast,RUS,Russia,RU-KLU,Kaluga Oblast
Russia,Kamchatka Krai,RUS,Russia,RU-KAM,Kamchatka Krai
Russia,Karachay-Cherkess Republic,RUS,Russia,RU-KC,Karachay-Cherkess Republic
Russia,Karelia Republic,RUS,Russia,RU-KR,Karelia Republic
Russia,Kemerovo Oblast,RUS,Russia,RU-KEM,Kemerovo Oblast
Russia,Khabarovsk Krai,RUS,Russia,RU-KHA,Khabarovsk Krai
Russia,Khakassia Republic,RUS,Russia,RU-KK,Khakassia Republic
Russia,Khanty-Mansi Autonomous Okrug,RUS,Russia,RU-KHM,Khanty-Mansi Autonomous Okrug
Russia,Kirov Oblast,RUS,Russia,RU-KIR,Kirov Oblast
Russia,Komi Republic,RUS,Russia,RU-KO,Komi Republic
Russia,Kostroma Oblast,RUS,Russia,RU-KOS,Kostroma Oblast
Russia,Krasnodar Krai,RUS,Russia,RU-KDA,Krasnodar Krai
Russia,Krasnoyarsk Krai,RUS,Russia,RU-KYA,Krasnoyarsk Krai
Russia,Kurgan Oblast,RUS,Russia,RU-KGN,Kurgan Oblast
Russia,Kursk Oblast,RUS,Russia,RU-KRS,Kursk Oblast
Russia,Leningrad Oblast,RUS,Russia,RU-LEN,Leningrad Oblast
Russia,Lipetsk Oblast,RUS,Russia,RU-LIP,Lipetsk Oblast
Russia,Magadan Oblast,RUS,Russia,RU-MAG,Magadan Oblast
Russia,Mari El Republic,RUS,Russia,RU-ME,Mari El Republic
Russia,Mordovia Republic,RUS,Russia,RU-MO,Mordovia Republic
Russia,Moscow,RUS,Russia,RU-MOS,Moscow
Russia,Moscow Oblast,RUS,Russia,RU-MOW,Moscow Oblast
Russia,Murmansk Oblast,RUS,Russia,RU-MUR,Murmansk Oblast
Russia,Nenets Autonomous Okrug,RUS,Russia,RU-NEN,Nenets Autonomous Okrug
Russia,Nizhny Novgorod Oblast,RUS,Russia,RU-NIZ,Nizhny Novgorod Oblast
Russia,North Ossetia - Alania Republic,RUS,Russia,RU-SE,North Ossetia - Alania Republic
Russia,Novgorod Oblast,RUS,Russia,RU-NGR,Novgorod Oblast
Russia,Novosibirsk Oblast,RUS,Russia,RU-NVS,Novosibirsk Oblast
Russia,Omsk Oblast,RUS,Russia,RU-OMS,Omsk Oblast
Russia,Orel Oblast,RUS,Russia,RU-ORL,Orel Oblast
Russia,Orenburg Oblast,RUS,Russia,RU-ORE,Orenburg Oblast
Russia,Penza Oblast,RUS,Russia,RU-PNZ,Penza Oblast
Russia,Perm Krai,RUS,Russia,RU-PER,Perm Krai
Russia,Primorsky Krai,RUS,Russia,RU-PRI,Primorsky Krai
Russia,Pskov Oblast,RUS,Russia,RU-PSK,Pskov Oblast
Russia,Rostov Oblast,RUS,Russia,RU-ROS,Rostov Oblast
Russia,Russia,RUS,Russia,RUS,Russia
Russia,Ryazan Oblast,RUS,Russia,RU-RYA,Ryazan Oblast
Russia,Saint Petersburg,RUS,Russia,RU-SPE,Saint Petersburg
Russia,Sakha (Yakutiya) Republic,RUS,Russia,RU-SA,Sakha (Yakutiya) Republic
Russia,Sakhalin Oblast,RUS,Russia,RU-SAK,Sakhalin Oblast
Russia,Samara Oblast,RUS,Russia,RU-SAM,Samara Oblast
Russia,Saratov Oblast,RUS,Russia,RU-SAR,Saratov Oblast
Russia,Smolensk Oblast,RUS,Russia,RU-SMO,Smolensk Oblast
Russia,Stavropol Krai,RUS,Russia,RU-STA,Stavropol Krai
Russia,Sverdlovsk Oblast,RUS,Russia,RU-SVE,Sverdlovsk Oblast
Russia,Tambov Oblast,RUS,Russia,RU-TAM,Tambov Oblast
Russia,Tatarstan Republic,RUS,Russia,RU-TA,Tatarstan Republic
Russia,Tomsk Oblast,RUS,Russia,RU-TOM,Tomsk Oblast
Russia,Tula Oblast,RUS,Russia,RU-TUL,Tula Oblast
Russia,Tver Oblast,RUS,Russia,RU-TVE,Tver Oblast
Russia,Tyumen Oblast,RUS,Russia,RU-TYU,Tyumen Oblast
Russia,Tyva Republic,RUS,Russia,RU-TY,Tyva Republic
Russia,Udmurt Republic,RUS,Russia,RU-UD,Udmurt Republic
Russia,Ulyanovsk Oblast,RUS,Russia,RU-ULY,Ulyanovsk Oblast
Russia,Vladimir Oblast,RUS,Russia,RU-VLA,Vladimir Oblast
Russia,Volgograd Oblast,RUS,Russia,RU-VGG,Volgograd Oblast
Russia,Vologda Oblast,RUS,Russia,RU-VLG,Vologda Oblast
Russia,Voronezh Oblast,RUS,Russia,RU-VOR,Voronezh Oblast
Russia,Yamalo-Nenets Autonomous Okrug,RUS,Russia,RU-YAN,Yamalo-Nenets Autonomous Okrug
Russia,Yaroslavl Oblast,RUS,Russia,RU-YAR,Yaroslavl Oblast
Russia,Zabaykalsky Krai,RUS,Russia,RU-ZAB,Zabaykalsky Krai
Russian Federation,Russian Federation,RUS,Russia,RUS,Russia
Rwanda,Rwanda,RWA,Rwanda,RWA,Rwanda
Saint Barthelemy,Saint Barthelemy,BLM,Saint Barthelemy,BLM,Saint Barthelemy
Saint Kitts and Nevis,Saint Kitts and Nevis,KNA,Saint Kitts and Nevis,KNA,Saint Kitts and Nevis
Saint Lucia,Saint Lucia,LCA,Saint Lucia,LCA,Saint Lucia
Saint Martin,Saint Martin,SXM,Saint Martin,SXM,Saint Martin
Saint Vincent and the Grenadines,Saint Vincent and the Grenadines,VCT,Saint Vincent and the Grenadines,VCT,Saint Vincent and the Grenadines
Samoa,Samoa,WSM,Samoa,WSM,Samoa
San Marino,San Marino,SMR,San Marino,SMR,San Marino
Sao Tome and Principe,Sao Tome and Principe,STS,Sao Tome and Principe,STS,Sao Tome and Principe
Saudi Arabia,Saudi Arabia,SAU,Saudi Arabia,SAU,Saudi Arabia
Senegal,Senegal,SEN,Senegal,SEN,Senegal
Serbia,Serbia,SRB,Serbia,SRB,Serbia
Seychelles,Seychelles,SYC,Seychelles,SYC,Seychelles
Sierra Leone,Sierra Leone,SLE,Sierra Leone,SLE,Sierra Leone
Singapore,Singapore,SGP,Singapore,SGP,Singapore
Slovakia,Slovakia,SVK,Slovakia,SVK,Slovakia
Slovenia,Gorenjska,SVN,Slovenia,SVN,Slovenia
Slovenia,Goriska,SVN,Slovenia,SVN,Slovenia
Slovenia,Jugovzhodna Slovenija,SVN,Slovenia,SVN,Slovenia
Slovenia,Koroska,SVN,Slovenia,SVN,Slovenia
Slovenia,Obalno-kraska,SVN,Slovenia,SVN,Slovenia
Slovenia,Osrednjeslovenska,SVN,Slovenia,SVN,Slovenia
Slovenia,Podravska,SVN,Slovenia,SVN,Slovenia
Slovenia,Pomurska,SVN,Slovenia,SVN,Slovenia
Slovenia,Posavska,SVN,Slovenia,SVN,Slovenia
Slovenia,Primorsko-notranjska,SVN,Slovenia,SVN,Slovenia
Slovenia,Savinjska,SVN,Slovenia,SVN,Slovenia
Slovenia,Slovenia,SVN,Slovenia,SVN,Slovenia
Slovenia,Unknown,SVN,Slovenia,SVN,Slovenia
Slovenia,Zasavska,SVN,Slovenia,SVN,Slovenia
Solomon Islands,Solomon Islands,SLB,Solomon Islands,SLB,Solomon Islands
Somalia,Somalia,SOX,Somalia,SOX,Somalia
South Africa,South Africa,ZAX,South Africa,ZAX,South Africa
South Korea,South Korea,KOR,South Korea,KOR,South Korea
South Sudan,South Sudan,SDS,South Sudan,SDS,South Sudan
Spain,Andalusia,ESX,Spain,ES-AN,Andalusia
Spain,Aragon,ESX,Spain,ES-AR,Aragon
Spain,Asturias,ESX,Spain,ES-AS,Asturias
Spain,Baleares,ESX,Spain,ES-PM,Balearic Islands
Spain,C. Valenciana,ESX,Spain,ES-VC,C. Valenciana
Spain,Canarias,ESX,Spain,ES-CN,Canary Islands
Spain,Cantabria,ESX,Spain,ES-CB,Cantabria
Spain,Castilla - La Mancha,ESX,Spain,ES-CM,Castilla - La Mancha
Spain,Castilla y Leon,ESX,Spain,ES-CL,Castilla y Leon
Spain,Catalonia,ESX,Spain,ES-CT,Catalonia
Spain,Ceuta,ESX,Spain,SEC,Ceuta
Spain,Extremadura,ESX,Spain,ES-EX,Extremadura
Spain,Galicia,ESX,Spain,ES-GA,Galicia
Spain,La Rioja,ESX,Spain,ES-LO,La Rioja
Spain,Madrid,ESX,Spain,ES-MD,Madrid
Spain,Melilla,ESX,Spain,SEM,Melilla
Spain,Murcia,ESX,Spain,ES-MU,Murcia
Spain,Navarra,ESX,Spain,ES-NA,Navarra
Spain,Pais Vasco,ESX,Spain,ES-PV,Pais Vasco
Spain,Spain,ESX,Spain,ESX,Spain
Sri Lanka,Sri Lanka,LKA,Sri Lanka,LKA,Sri Lanka
St. Martin,St. Martin,MAF,St. Martin,MAF,St. Martin
Sudan,Sudan,SDN,Sudan,SDN,Sudan
Suriname,Suriname,SUR,Suriname,SUR,Suriname
Sweden,Blekinge,SWE,Sweden,SE-K,Blekinge
Sweden,Dalarna,SWE,Sweden,SE-W,Dalarna
Sweden,Gavleborg,SWE,Sweden,SE-X,Gavleborg
Sweden,Gotland,SWE,Sweden,SE-I,Gotland
Sweden,Halland,SWE,Sweden,SE-N,Halland
Sweden,Jamtland Harjedalen,SWE,Sweden,SE-Z,Jamtland Harjedalen
Sweden,Jonkoping,SWE,Sweden,SE-F,Jonkoping
Sweden,Kalmar,SWE,Sweden,SE-H,Kalmar
Sweden,Kronoberg,SWE,Sweden,SE-G,Kronoberg
Sweden,Norrbotten,SWE,Sweden,SE-BD,Norrbotten
Sweden,Orebro,SWE,Sweden,SE-T,Orebro
Sweden,Ostergotland,SWE,Sweden,SE-E,Ostergotland
Sweden,Skane,SWE,Sweden,SE-M,Skane
Sweden,Sormland,SWE,Sweden,SE-D,Sormland
Sweden,Stockholm,SWE,Sweden,SE-AB,Stockholm
Sweden,Sweden,SWE,Sweden,SWE,Sweden
Sweden,Uppsala,SWE,Sweden,SE-C,Uppsala
Sweden,Varmland,SWE,Sweden,SE-S,Varmland
Sweden,Vasterbotten,SWE,Sweden,SE-AC,Vasterbotten
Sweden,Vasternorrland,SWE,Sweden,SE-Y,Vasternorrland
Sweden,Vastmanland,SWE,Sweden,SE-U,Vastmanland
Sweden,Vastra Gotaland,SWE,Sweden,SE-O,Vastra Gotaland
Switzerland,Aargau,CHE,Switzerland,CHE,Switzerland
Switzerland,Appenzell Ausserrhoden,CHE,Switzerland,CHE,Switzerland
Switzerland,Appenzell Innerrhoden,CHE,Switzerland,CHE,Switzerland
Switzerland,Basel-Landschaft,CHE,Switzerland,CHE,Switzerland
Switzerland,Basel-Stadt,CHE,Switzerland,CHE,Switzerland
Switzerland,Berne,CHE,Switzerland,CHE,Switzerland
Switzerland,Fribourg,CHE,Switzerland,CHE,Switzerland
Switzerland,Geneva,CHE,Switzerland,CHE,Switzerland
Switzerland,Glarus,CHE,Switzerland,CHE,Switzerland
Switzerland,Grisons,CHE,Switzerland,CHE,Switzerland
Switzerland,Jura,CHE,Switzerland,CHE,Switzerland
Switzerland,Lucerne,CHE,Switzerland,CHE,Switzerland
Switzerland,Neuchatel,CHE,Switzerland,CHE,Switzerland
Switzerland,Nidwalden,CHE,Switzerland,CHE,Switzerland
Switzerland,Obwalden,CHE,Switzerland,CHE,Switzerland
Switzerland,Schaffhausen,CHE,Switzerland,CHE,Switzerland
Switzerland,Schwyz,CHE,Switzerland,CHE,Switzerland
Switzerland,Solothurn,CHE,Switzerland,CHE,Switzerland
Switzerland,St. Gallen,CHE,Switzerland,CHE,Switzerland
Switzerland,Switzerland,CHE,Switzerland,CHE,Switzerland
Switzerland,Thurgau,CHE,Switzerland,CHE,Switzerland
Switzerland,Ticino,CHE,Switzerland,CHE,Switzerland
Switzerland,Unknown,CHE,Switzerland,CHE,Switzerland
Switzerland,Uri,CHE,Switzerland,CHE,Switzerland
Switzerland,Valais,CHE,Switzerland,CHE,Switzerland
Switzerland,Vaud,CHE,Switzerland,CHE,Switzerland
Switzerland,Zug,CHE,Switzerland,CHE,Switzerland
Switzerland,Zurich,CHE,Switzerland,CHE,Switzerland
Syria,Syria,SYX,Syria,SYX,Syria
Taipei and environs,Taiwan,TWN,Taiwan,TWN,Taiwan
Taiwan,Taiwan,TWN,Taiwan,TWN,Taiwan
Taiwan*,Taiwan*,TWN,Taiwan,TWN,Taiwan
Tajikistan,Tajikistan,TJK,Tajikistan,TJK,Tajikistan
Tanzania,Tanzania,TZA,Tanzania,TZA,Tanzania
Thailand,Thailand,THA,Thailand,THA,Thailand
The Bahamas,The Bahamas,BHS,Bahamas,BHS,Bahamas
The Gambia,The Gambia,GMB,Gambia,GMB,Gambia
Timor-Leste,Timor-Leste,TLX,East Timor,TLX,East Timor
Togo,Togo,TGO,Togo,TGO,Togo
Trinidad and Tobago,Trinidad and Tobago,TTO,Trinidad and Tobago,TTO,Trinidad and Tobago
Tunisia,Tunisia,TUN,Tunisia,TUN,Tunisia
Turkey,Turkey,TUR,Turkey,TUR,Turkey
Uganda,Uganda,UGA,Uganda,UGA,Uganda
UK,UK,GBR,United Kingdom,GBR,United Kingdom
Ukraine,Cherkasy Oblast,UKR,Ukraine,UA-71,Cherkasy Oblast
Ukraine,Chernihiv Oblast,UKR,Ukraine,UA-74,Chernihiv Oblast
Ukraine,Chernivtsi Oblast,UKR,Ukraine,UA-77,Chernivtsi Oblast
Ukraine,Crimea Republic*,UKR,Ukraine,UA-43,Crimea Republic
Ukraine,Dnipropetrovsk Oblast,UKR,Ukraine,UA-12,Dnipropetrovsk Oblast
Ukraine,Donetsk Oblast,UKR,Ukraine,UA-14,Donetsk Oblast
Ukraine,Ivano-Frankivsk Oblast,UKR,Ukraine,UA-26,Ivano-Frankivsk Oblast
Ukraine,Kharkiv Oblast,UKR,Ukraine,UA-63,Kharkiv Oblast
Ukraine,Kherson Oblast,UKR,Ukraine,UA-65,Kherson Oblast
Ukraine,Khmelnytskyi Oblast,UKR,Ukraine,UA-68,Khmelnytskyi Oblast
Ukraine,Kiev,UKR,Ukraine,UA-30,Kiev
Ukraine,Kiev Oblast,UKR,Ukraine,UA-32,Kiev Oblast
Ukraine,Kirovohrad Oblast,UKR,Ukraine,UA-35,Kirovohrad Oblast
Ukraine,Luhansk Oblast,UKR,Ukraine,UA-09,Luhansk Oblast
Ukraine,Lviv Oblast,UKR,Ukraine,UA-46,Lviv Oblast
Ukraine,Mykolaiv Oblast,UKR,Ukraine,UA-48,Mykolaiv Oblast
Ukraine,Odessa Oblast,UKR,Ukraine,UA-51,Odessa Oblast
Ukraine,Poltava Oblast,UKR,Ukraine,UA-53,Poltava Oblast
Ukraine,Rivne Oblast,UKR,Ukraine,UA-56,Rivne Oblast
Ukraine,Sevastopol*,UKR,Ukraine,UA-40,Sevastopol
Ukraine,Sumy Oblast,UKR,Ukraine,UA-59,Sumy Oblast
Ukraine,Ternopil Oblast,UKR,Ukraine,UA-61,Ternopil Oblast
Ukraine,Ukraine,UKR,Ukraine,UKR,Ukraine
Ukraine,Unassigned,UKR,Ukraine,UKR,Ukraine
Ukraine,Vinnytsia Oblast,UKR,Ukraine,UA-05,Vinnytsia Oblast
Ukraine,Volyn Oblast,UKR,Ukraine,UA-07,Volyn Oblast
Ukraine,Zakarpattia Oblast,UKR,Ukraine,UA-21,Zakarpattia Oblast
Ukraine,Zaporizhia Oblast,UKR,Ukraine,UA-23,Zaporizhia Oblast
Ukraine,Zhytomyr Oblast,UKR,Ukraine,UA-18,Zhytomyr Oblast
United Arab Emirates,United Arab Emirates,ARE,United Arab Emirates,ARE,United Arab Emirates
United Kingdom,Anguilla,AIA,Anguilla,AIA,Anguilla
United Kingdom,Bermuda,BMU,Bermuda,BMU,Bermuda
United Kingdom,British Virgin Islands,VGB,British Virgin Islands,VGB,British Virgin Islands
United Kingdom,Cayman Islands,CYM,Cayman Islands,CYM,Cayman Islands
United Kingdom,Channel Islands,JEY,Channel Islands,JEY,Channel Islands
United Kingdom,England,GBR,United Kingdom,ENG,England
United Kingdom,Falkland Islands (Islas Malvinas),FLK,Falkland Islands,FLK,Falkland Islands
United Kingdom,Falkland Islands (Malvinas),FLK,Falkland Islands,FLK,Falkland Islands
United Kingdom,Gibraltar,GIB,Gibraltar,GIB,Gibraltar
United Kingdom,Isle of Man,IMN,Isle of Man,IMN,Isle of Man
United Kingdom,Montserrat,MSR,Montserrat,MSR,Montserrat
United Kingdom,Northern Ireland,GBR,United Kingdom,NIR,Northern Ireland
United Kingdom,"Saint Helena, Ascension and Tristan da Cunha",SHS,"Saint Helena, Ascension and Tristan da Cunha",SHS,"Saint Helena, Ascension and Tristan da Cunha"
United Kingdom,Scotland,GBR,United Kingdom,SCT,Scotland
United Kingdom,Turks and Caicos Islands,TCA,Turks and Caicos Islands,TCA,Turks and Caicos Islands
United Kingdom,UK,GBR,United Kingdom,GBR,United Kingdom
United Kingdom,United Kingdom,GBR,United Kingdom,GBR,United Kingdom
United Kingdom,Wales,GBR,United Kingdom,WLS,Wales
Uruguay,Uruguay,URY,Uruguay,URY,Uruguay
US," Norfolk County, MA",USB,United States,US-MA,Massachusetts
US,Alabama,USB,United States,US-AL,Alabama
US,"Alameda County, CA",USB,United States,US-CA,California
US,Alaska,USB,United States,US-AK,Alaska
US,American Samoa,ASM,American Samoa,ASM,American Samoa
US,Arizona,USB,United States,US-AZ,Arizona
US,Arkansas,USB,United States,US-AR,Arkansas
US,"Ashland, NE",USB,United States,US-NE,Nebraska
US,"Bennington County, VT",USB,United States,US-VT,Vermont
US,"Bergen County, NJ",USB,United States,US-NJ,New Jersey
US,"Berkeley, CA",USB,United States,US-CA,California
US,"Berkshire County, MA",USB,United States,US-MA,Massachusetts
US,"Boston, MA",USB,United States,US-MA,Massachusetts
US,"Broward County, FL",USB,United States,US-FL,Florida
US,California,USB,United States,US-CA,California
US,"Carver County, MN",USB,United States,US-MN,Minnesota
US,"Charleston County, SC",USB,United States,US-SC,South Carolina
US,"Charlotte County, FL",USB,United States,US-FL,Florida
US,"Chatham County, NC",USB,United States,US-NC,North Carolina
US,"Cherokee County, GA",USB,United States,US-GA,Georgia
US,Chicago,USB,United States,US-IL,Illinois
US,"Chicago, IL",USB,United States,US-IL,Illinois
US,"Clark County, NV",USB,United States,US-NV,Nevada
US,"Clark County, WA",USB,United States,US-WA,Washington
US,"Cobb County, GA",USB,United States,US-GA,Georgia
US,"Collin County, TX",USB,United States,US-TX,Texas
US,Colorado,USB,United States,US-CO,Colorado
US,Connecticut,USB,United States,US-CT,Connecticut
US,"Contra Costa County, CA",USB,United States,US-CA,California
US,"Cook County, IL",USB,United States,US-IL,Illinois
US,"Davidson County, TN",USB,United States,US-TN,Tennessee
US,"Davis County, UT",USB,United States,US-UT,Utah
US,Delaware,USB,United States,US-DE,Delaware
US,"Delaware County, PA",USB,United States,US-PA,Pennsylvania
US,"Denver County, CO",USB,United States,US-CO,Colorado
US,District of Columbia,USB,United States,US-DC,District of Columbia
US,"Douglas County, CO",USB,United States,US-CO,Colorado
US,"Douglas County, NE",USB,United States,US-NE,Nebraska
US,"Douglas County, OR",USB,United States,US-OR,Oregon
US,"El Paso County, CO",USB,United States,US-CO,Colorado
US,"Fairfax County, VA",USB,United States,US-VA,Virginia
US,"Fairfield County, CT",USB,United States,US-CT,Connecticut
US,"Fayette County, KY",USB,United States,US-KY,Kentucky
US,Florida,USB,United States,US-FL,Florida
US,"Floyd County, GA",USB,United States,US-GA,Georgia
US,"Fort Bend County, TX",USB,United States,US-TX,Texas
US,"Fresno County, CA",USB,United States,US-CA,California
US,"Fulton County, GA",USB,United States,US-GA,"Georgia, US"
US,Georgia,USB,United States,US-GA,"Georgia, US"
US,"Grafton County, NH",USB,United States,US-NH,New Hampshire
US,"Grant County, WA",USB,United States,US-WA,Washington
US,Guam,GUM,Guam,GUM,Guam
US,"Harford County, MD",USB,United States,US-MD,Maryland
US,"Harris County, TX",USB,United States,US-TX,Texas
US,"Harrison County, KY",USB,United States,US-KY,Kentucky
US,Hawaii,USB,United States,US-HI,Hawaii
US,"Hendricks County, IN",USB,United States,US-IN,Indiana
US,"Hillsborough, FL",USB,United States,US-FL,Florida
US,"Honolulu County, HI",USB,United States,US-HI,Hawaii
US,"Hudson County, NJ",USB,United States,US-NJ,New Jersey
US,"Humboldt County, CA",USB,United States,US-CA,California
US,Idaho,USB,United States,US-ID,Idaho
US,Illinois,USB,United States,US-IL,Illinois
US,Indiana,USB,United States,US-IN,Indiana
US,Iowa,USB,United States,US-IA,Iowa
US,"Jackson County, OR ",USB,United States,US-OR,Oregon
US,"Jefferson County, KY",USB,United States,US-KY,Kentucky
US,"Jefferson County, WA",USB,United States,US-WA,Washington
US,"Jefferson Parish, LA",USB,United States,US-LA,Louisiana
US,"Johnson County, IA",USB,United States,US-IA,Iowa
US,"Johnson County, KS",USB,United States,US-KS,Kansas
US,Kansas,USB,United States,US-KS,Kansas
US,Kentucky,USB,United States,US-KY,Kentucky
US,"Kershaw County, SC",USB,United States,US-SC,South Carolina
US,"King County, WA",USB,United States,US-WA,Washington
US,"Kittitas County, WA",USB,United States,US-WA,Washington
US,"Klamath County, OR",USB,United States,US-OR,Oregon
US,"Lackland, TX",USB,United States,US-TX,Texas
US,"Lackland, TX (From Diamond Princess)",USB,United States,US-TX,Texas
US,"Lee County, FL",USB,United States,US-FL,Florida
US,"Los Angeles, CA",USB,United States,US-CA,California
US,Louisiana,USB,United States,US-LA,Louisiana
US,"Madera County, CA",USB,United States,US-CA,California
US,"Madison, WI",USB,United States,US-WI,Wisconsin
US,Maine,USB,United States,US-ME,Maine
US,"Manatee County, FL",USB,United States,US-FL,Florida
US,"Maricopa County, AZ",USB,United States,US-AZ,Arizona
US,"Marion County, IN",USB,United States,US-IN,Indiana
US,"Marion County, OR",USB,United States,US-OR,Oregon
US,Maryland,USB,United States,US-MD,Maryland
US,Massachusetts,USB,United States,US-MA,Massachusetts
US,Michigan,USB,United States,US-MI,Michigan
US,"Middlesex County, MA",USB,United States,US-MA,Massachusetts
US,Minnesota,USB,United States,US-MN,Minnesota
US,Mississippi,USB,United States,US-MS,Mississippi
US,Missouri,USB,United States,US-MO,Missouri
US,Montana,USB,United States,US-MT,Montana
US,"Montgomery County, MD",USB,United States,US-MD,Maryland
US,"Montgomery County, PA",USB,United States,US-PA,Pennsylvania
US,"Montgomery County, TX",USB,United States,US-TX,Texas
US,"Nassau County, NY",USB,United States,US-NY,New York
US,Nebraska,USB,United States,US-NE,Nebraska
US,Nevada,USB,United States,US-NV,Nevada
US,New Hampshire,USB,United States,US-NH,New Hampshire
US,New Jersey,USB,United States,US-NJ,New Jersey
US,New Mexico,USB,United States,US-NM,New Mexico
US,New York,USB,United States,US-NY,New York
US,"New York City, NY",USB,United States,US-NY,New York
US,"New York County, NY",USB,United States,US-NY,New York
US,"Norfolk County, MA",USB,United States,US-MA,Massachusetts
US,North Carolina,USB,United States,US-NC,North Carolina
US,North Dakota,USB,United States,US-ND,North Dakota
US,Northern Mariana Islands,MNP,Northern Mariana Islands,MNP,Northern Mariana Islands
US,"Norwell County, MA",USB,United States,US-MA,Massachusetts
US,Ohio,USB,United States,US-OH,Ohio
US,"Okaloosa County, FL",USB,United States,US-FL,Florida
US,Oklahoma,USB,United States,US-OK,Oklahoma
US,"Omaha, NE (From Diamond Princess)",USB,United States,US-NE,Nebraska
US,"Orange County, CA",USB,United States,US-CA,California
US,"Orange, CA",USB,United States,US-CA,California
US,Oregon,USB,United States,US-OR,Oregon
US,Pennsylvania,USB,United States,US-PA,Pennsylvania
US,"Pierce County, WA",USB,United States,US-WA,Washington
US,"Pinal County, AZ",USB,United States,US-AZ,Arizona
US,"Placer County, CA",USB,United States,US-CA,California
US,"Plymouth County, MA",USB,United States,US-MA,Massachusetts
US,"Polk County, GA",USB,United States,US-GA,Georgia
US,"Portland, OR",USB,United States,US-OR,Oregon
US,"Providence County, RI",USB,United States,US-RI,Rhode Island
US,"Providence, RI",USB,United States,US-RI,Rhode Island
US,Puerto Rico,PRI,Puerto Rico,PRI,Puerto Rico
US,"Queens County, NY",USB,United States,US-NY,New York
US,"Ramsey County, MN",USB,United States,US-MN,Minnesota
US,Rhode Island,USB,United States,US-RI,Rhode Island
US,"Riverside County, CA",USB,United States,US-CA,California
US,"Rockingham County, NH",USB,United States,US-NH,New Hampshire
US,"Rockland County, NY",USB,United States,US-NY,New York
US,"Sacramento County, CA",USB,United States,US-CA,California
US,"San Antonio, TX",USB,United States,US-TX,Texas
US,"San Benito, CA",USB,United States,US-CA,California
US,"San Diego County, CA",USB,United States,US-CA,California
US,"San Francisco County, CA",USB,United States,US-CA,California
US,"San Mateo, CA",USB,United States,US-CA,California
US,"Santa Clara County, CA",USB,United States,US-CA,California
US,"Santa Clara, CA",USB,United States,US-CA,California
US,"Santa Cruz County, CA",USB,United States,US-CA,California
US,"Santa Rosa County, FL",USB,United States,US-FL,Florida
US,"Sarasota, FL",USB,United States,US-FL,Florida
US,"Saratoga County, NY",USB,United States,US-NY,New York
US,"Seattle, WA",USB,United States,US-WA,Washington
US,"Shasta County, CA",USB,United States,US-CA,California
US,"Shelby County, TN",USB,United States,US-TN,Tennessee
US,"Snohomish County, WA",USB,United States,US-WA,Washington
US,"Sonoma County, CA",USB,United States,US-CA,California
US,South Carolina,USB,United States,US-SC,South Carolina
US,South Dakota,USB,United States,US-SD,South Dakota
US,"Spartanburg County, SC",USB,United States,US-SC,South Carolina
US,"Spokane County, WA",USB,United States,US-WA,Washington
US,"St. Louis County, MO",USB,United States,US-MO,Missouri
US,"Suffolk County, MA",USB,United States,US-MA,Massachusetts
US,"Suffolk County, NY",USB,United States,US-NY,New York
US,"Summit County, CO",USB,United States,US-CO,Colorado
US,"Tempe, AZ",USB,United States,US-AZ,Arizona
US,Tennessee,USB,United States,US-TN,Tennessee
US,Texas,USB,United States,US-TX,Texas
US,"Travis, CA",USB,United States,US-CA,California
US,"Travis, CA (From Diamond Princess)",USB,United States,US-CA,California
US,"Tulsa County, OK",USB,United States,US-OK,Oklahoma
US,"Ulster County, NY",USB,United States,US-NY,New York
US,"Umatilla, OR",USB,United States,US-OR,Oregon
US,"Unassigned Location, VT",USB,United States,US-VT,Vermont
US,"Unassigned Location, WA",USB,United States,US-WA,Washington
US,United States Virgin Islands,VIR,US Virgin Islands,VIR,US Virgin Islands
US,"Unknown Location, MA",USB,United States,US-MA,Massachusetts
US,US,USB,United States,USB,United States
US,Utah,USB,United States,US-UT,Utah
US,Vermont,USB,United States,US-VT,Vermont
US,Virgin Islands,VIR,US Virgin Islands,VIR,US Virgin Islands
US,"Virgin Islands, U.S.",VIR,US Virgin Islands,VIR,US Virgin Islands
US,Virginia,USB,United States,US-VA,Virginia
US,"Volusia County, FL",USB,United States,US-FL,Florida
US,"Wake County, NC",USB,United States,US-NC,North Carolina
US,Washington,USB,United States,US-WA,Washington
US,"Washington County, OR",USB,United States,US-OR,Oregon
US,"Washington, D.C.",USB,United States,US-DC,District of Columbia
US,"Washoe County, NV",USB,United States,US-NV,Nevada
US,"Wayne County, PA",USB,United States,US-PA,Pennsylvania
US,West Virginia,USB,United States,US-WV,West Virginia
US,"Westchester County, NY",USB,United States,US-NY,New York
US,"Williamson County, TN",USB,United States,US-TN,Tennessee
US,Wisconsin,USB,United States,US-WI,Wisconsin
US,Wyoming,USB,United States,US-WY,Wyoming
US,"Yolo County, CA",USB,United States,US-CA,California
Uzbekistan,Uzbekistan,UZB,Uzbekistan,UZB,Uzbekistan
Vanuatu,Vanuatu,VUT,Vanuatu,VUT,Vanuatu
Vatican City,Vatican City,VAT,Vatican,VAT,Vatican
Venezuela,Venezuela,VEN,Venezuela,VEN,Venezuela
Viet Nam,Viet Nam,VNM,Vietnam,VNM,Vietnam
Vietnam,Vietnam,VNM,Vietnam,VNM,Vietnam
West Bank and Gaza,West Bank and Gaza,ISR,Israel,ISR,Israel
Yemen,Yemen,YEM,Yemen,YEM,Yemen
Zambia,Zambia,ZMB,Zambia,ZMB,Zambia
Zimbabwe,Zimbabwe,ZWE,Zimbabwe,ZWE,Zimbabwe